Source,Target,Weight
black_sesame_seed,rose_wine,3
fennel,wild_berry,5
comte_cheese,grape,57
nira,raw_beef,1
corn_mint_oil,parsnip_fruit,2
soybean,vegetable_oil,1
bell_pepper,naranjilla,5
chervil,crayfish,1
corn_mint,cream_cheese,3
european_cranberry,thai_pepper,12
concord_grape,wild_strawberry,35
black_pepper,gruyere_cheese,12
prune,prunus,9
orange,satsuma_mandarin_peel,3
morus_bombycis_oil,wheaten_bread,1
corn_salad,kola_tea,6
citronella_grass,cooked_apple,1
anise,ledum_palustre_oil,1
beef_broth,wine,1
litchi,wild_marjoram,1
muscat_grape,vervain,1
lemongrass,mountain_papaya,1
azalea,carrot,1
kaffir_lime,kohlrabi,6
dried_fig,lily_oil,1
katsuobushi,wheat_bread,13
capsicum_annuum,coriander_oil,1
fried_beef,long_pepper,4
apple_juice,fish_oil,2
guineafowl,lily_oil,1
imperatoria,swiss_cheese,1