Id,Label
1,abies_alba
2,abies_alba_pine_needle
3,abies_balsamea_oil
4,abies_canadensis
5,abies_concolor
6,abies_sibirica
7,acacia
8,acacia_caven
9,acacia_dealbata
10,acacia_farnesiana
11,acacia_farnesiana_oil
12,acacia_flower_oil
13,achasma_walang
14,achillea_ageratum
15,achillea_micrantha_oil
16,achillea_millefolium
17,aconitum_napellus
18,agaricus
19,agarwood
20,agastache_formosana
21,agastache_rugosa
22,agathosma_gnidioides_leaf_oil
23,alcoholic_beverage
24,algae
25,algerian_geranium_oil
26,almond
27,almond_flower
28,alpinia_malaccensis
29,alpinia_malaccensis_oil
30,alpinia_sessilis
31,ambergris_oil
32,ambrette
33,ambrette_seed
34,ambrette_seed_oil
35,american_cranberry
36,american_pennyroyal
37,american_peppermint
38,american_peppermint_oil
39,american_potato_chip
40,american_sassafras_oil
41,american_storax
42,ananas_sativus
43,ananas_sativus_oil
44,andropogon_gragrans
45,andropogon_intermedius
46,andropogon_jwarancusa
47,angelica
48,angelica_oil
49,angelica_root
50,angelica_root_oil
51,angelica_seed
52,animal
53,anise
54,anise_brandy
55,anise_hyssop
56,anise_seed
57,anise_seed_oil
58,annona_reticulata
59,apple
60,apple_brandy
61,apple_juice
62,apple_sauce
63,apricot
64,apricot_kernel
65,araucaria_cunninghamii
66,aristolochia_clematitis
67,armagnac
68,armenian_muscat_grape_oil
69,arnica_montana
70,arrack
71,artemisae_oil
72,artemisia
73,artemisia_arborescens
74,artemisia_brevifolia
75,artemisia_camphorata
76,artemisia_cina
77,artemisia_dracunculus_oil
78,artemisia_ferganensis
79,artemisia_frigida
80,artemisia_frigida_oil
81,artemisia_hausiliensis
82,artemisia_herba_alba
83,artemisia_juncea
84,artemisia_maritime_oil
85,artemisia_porrecta_oil
86,artemisia_santolinifolia
87,artemisia_santolinifolia_oil
88,artemisia_scoparia
89,artemisia_transiliensis
90,artemisia_tridentata
91,artemisia_verlo
92,artichoke
93,asarum_arifolium_root_oil
94,asarum_canadense_root_oil
95,asarum_europaeum_root_oil
96,ashanti_pepper
97,asian_storax
98,asparagus
99,asperula_odorosa
100,atropa_belladonna_leaf
101,atropa_belladonna_root
102,auricula_oil
103,auto_oxidized_salmon_oil
104,avocado
105,azalea
106,babaco
107,bachang
108,backhousia_citriodora
109,backhousia_citriodora_oil
110,bacon
111,baeckea_citriodora
112,baeckea_citriodora_oil
113,bael
114,baked_potato
115,balm
116,banana
117,banana_passion_fruit
118,bantu_beer
119,barley
120,barosma_betulina
121,barosma_crenulata
122,barosma_pulchella_leaf_oil
123,barosma_pulchella_oil
124,barosma_venustum
125,bartlett_pear
126,basil
127,basil_oil
128,bay
129,bay_laurel
130,bay_laurel_oil
131,bean
132,beech
133,beech_tar_creosote
134,beechwood_tar
135,beef
136,beef_broth
137,beef_liver
138,beef_tallow
139,beer
140,beet
141,beet_juice
142,beet_root
143,bell_pepper
144,benzoin
145,benzoin_resin
146,bergamot
147,bergamot_oil
148,bergamot_peel_oil
149,berry
150,berry_bud
151,berry_juice
152,betel
153,bilberry
154,bilberry_wine
155,birch
156,bisabol_myrrh
157,bitter_almond
158,bitter_fennel
159,bitter_orange
160,bitter_orange_flower_oil
161,bitter_orange_juice
162,bitter_orange_leaf
163,bitter_orange_oil
164,bitter_orange_peel_oil
165,black_bean
166,black_chokeberry
167,black_chokecherry
168,black_currant
169,black_currant_bud
170,black_currant_juice
171,black_mustard_seed_oil
172,black_pepper
173,black_raspberry
174,black_seabream
175,black_sesame_seed
176,black_tea
177,black_tea_oil
178,blackberry
179,blackberry_brandy
180,blackberry_juice
181,blenheim_apricot
182,blue_cheese
183,blueberry
184,blumea_eriantha_oil
185,blumea_malcomii_oil
186,bog_blueberry
187,boiled_beef
188,boiled_chicken
189,boiled_crab
190,boiled_meat
191,boiled_mutton
192,boiled_pork
193,boldea_fragrans
194,boldo
195,boldo_leaf
196,boletus_scaber
197,bone_oil
198,boronia_anemonifolia
199,boronia_dentigeroides_oil
200,boronia_ledifolia_leaf
201,boronia_ledifolia_oil
202,borosma_pulchellum
203,boswellia_serrata_oil
204,botrytized_wine
205,bourbon_whiskey
206,brandy
207,brassica
208,brazil_nut
209,brazil_peppermint_oil
210,brazil_rosewood
211,brazilian_sassafras_oil
212,bread
213,brewed_tea
214,broccoli
215,brown_rice
216,brussels_sprout
217,buchu
218,buchu_oil
219,buckwheat
220,bulgarian_clary_sage
221,bulgarian_clary_sage_oil
222,bulgarian_peppermint
223,bulgarian_rose
224,bulgarian_rose_oil
225,bulgarian_tobacco
226,burley_tobacco
227,burley_tobacco_oil
228,butter
229,butter_oil
230,butterfat
231,buttermilk
232,bystropogon_mollis_leaf_oil
233,cabbage
234,cabbage_juice
235,cabernet_sauvignon_grape
236,cabernet_sauvignon_wine
237,cabreuva
238,cacao
239,caesalpinia_spinosa
240,caja_fruit
241,cajeput
242,cajeput_oil
243,calabash_nutmeg
244,calamus
245,california_laurel_oil
246,california_lemon_oil
247,california_orange
248,california_orange_peel
249,california_pepper
250,callitris
251,callitris_drummondii
252,callitris_glauca
253,callitris_gracilis
254,callitris_intratropica
255,callitris_rubusta
256,calyptranthes_parriculata
257,calytrix_tetragona
258,calytrix_tetragona_oil
259,calytrix_virgata
260,camembert_cheese
261,camphor
262,camphor_oil
263,cananga
264,cane_molasses
265,cantaloupe
266,cape_gooseberry
267,caprifoliaceae
268,capsicum
269,capsicum_annuum
270,caraway
271,caraway_seed
272,cardamom
273,cardamom_oil
274,carnation
275,carnation_oil
276,carob
277,carob_fruit
278,carphephorus_corymbosus_leaf
279,carphephorus_paniculatus_leaf
280,carpinus_betulus
281,carrot
282,cascarilla
283,cashew
284,cassava
285,cassia
286,cassia_oil
287,cassis_juice
288,castoreum
289,castoreum_oil
290,catfish
291,caucas
292,caucus
293,cauliflower
294,caviar
295,cayenne
296,cayenne_bois_de_rose
297,cayenne_linaloe
298,cayenne_rosewood
299,ceanothus_velutinus_leaf
300,celery
301,celery_oil
302,celery_root
303,celery_seed
304,cereal
305,ceriman
306,ceylon_cinnamon
307,ceylon_citronella
308,ceylon_citronella_oil
309,ceylon_tea
310,ceylon_tea_cinnamon_leaf
311,ceylon_tea_citronella_oil
312,ceylon_tea_oil
313,chamaecyparis_formosensis_oil
314,chamaecyparis_formosensis_root_oil
315,chamaecyparis_lawsoniana
316,chamaecyparis_pisifera
317,chamaecyparis_pisifera_oil
318,chamomile
319,chamomile_oil
320,champaca
321,champagne_wine
322,chayote
323,cheddar_cheese
324,cheese
325,chempedak
326,chenopodium
327,cherimoya
328,cherry
329,cherry_brandy
330,cherry_juice
331,chervil
332,chestnut_flower
333,chestnut_honey
334,chicken
335,chicken_broth
336,chicken_liver
337,chickpea
338,chicory
339,chicory_root
340,chinese_cabbage
341,chinese_cinnamon
342,chinese_quince
343,chinese_quince_peel
344,chinese_star_anise
345,chinese_star_anise_oil
346,chive
347,choke_cherry
348,chokeberry
349,chrysanthemum_japonicum
350,chrysanthemum_sincuse_flower
351,chrysocoris_stolli
352,cicuta_virosa_oil
353,cider
354,cigarette
355,cilantro
356,cinnamomum
357,cinnamomum_camphora
358,cinnamomum_kanahirain
359,cinnamomum_oil
360,cinnamomum_oliveri_leaf
361,cinnamon
362,cinnamon_leaf
363,cinnamon_leaf_oil
364,cinnamon_oil
365,cistus_labdanum
366,cistus_ladaniferus
367,citron
368,citronella
369,citronella_grass
370,citronella_oil
371,citrus
372,citrus_flower_oil
373,citrus_fruit_blossom
374,citrus_juice
375,citrus_leaf_oil
376,citrus_limetta_oil
377,citrus_oil
378,citrus_peel
379,citrus_peel_oil
380,clam
381,clary_sage
382,clary_sage_oil
383,cloudberry
384,cloudberry_oil
385,clove
386,clove_oil
387,clove_pink
388,coal_tar
389,cocoa
390,cocoa_leaf
391,cocoa_liquor
392,coconut
393,coconut_oil
394,cod
395,cod_liver_oil
396,coffee
397,coffee_flower
398,cognac
399,cognac_oil
400,compositae
401,comte_cheese
402,concord_grape
403,congo_geranium
404,cooked_apple
405,copaiba
406,copaiba_balsam
407,coprosma_foetidissima_leaf
408,coriander
409,coriander_oil
410,corn
411,corn_flake
412,corn_grit
413,corn_mint
414,corn_mint_oil
415,corn_oil
416,corn_salad
417,corn_tortilla
418,cottage_cheese
419,cowberry
420,crab
421,cranberry
422,crayfish
423,cream
424,cream_cheese
425,creosote
426,crepis_foetida_root
427,crimean_white_grape_oil
428,crisp_bread
429,crowberry
430,crownberry
431,cruciferae_seed
432,cryptomeria_japonica
433,cubeb
434,cucumber
435,cumin
436,cumin_fruit_oil
437,cumin_oil
438,cupressaceae
439,cupressaceae_oil
440,cupressus_lusitanica
441,cupressus_macrocarpa_oil
442,curcuma
443,curcuma_aeruginosa
444,curcuma_aromatica
445,cured_ham
446,cured_pork
447,currant
448,currant_leaf
449,custard_apple
450,cuttlefish
451,cymbopogon_citralis_oil
452,cymbopogon_javanensis
453,cymbopogon_sennaarensis
454,cypress
455,cypress_oil
456,dacrydium_colensoi
457,dacrydium_franklinii_oil
458,daffodil
459,daffodil_flower
460,dairy
461,dalbergia_sissoo
462,darwinia_grandiflora_oil
463,date
464,datura_stramonium
465,demon_red
466,dill
467,dill_blossom
468,dill_seed
469,dolphin
470,domiati_cheese
471,doryphora_sassafras_leaf_oil
472,dried_black_tea
473,dried_fig
474,dried_green_tea
475,dried_kidney_bean
476,dried_parsley
477,dried_spinach
478,durian
479,dwarf_pine
480,dwarf_quince
481,east_african_geranium
482,east_indian_geranium
483,echinacea
484,eel
485,egg
486,egg_noodle
487,elder_flower
488,elderberry
489,elderberry_fruit
490,elderberry_juice
491,elettaria_caradmomum_oil
492,elsholtzia_argyi
493,elsholtzia_ciliata
494,elsholtzia_ciliata_oil
495,emmental_cheese
496,endive
497,english_peppermint_oil
498,enokidake
499,eremocitrus_glauca
500,erica_arborea_oil
501,eriostemon_coxii_leaf_oil
502,eryngium_facidum
503,eryngium_poterium
504,eryngium_poterium_oil
505,estragon
506,ethiopian_pepper
507,eucalyptus
508,eucalyptus_amygdalina
509,eucalyptus_australianavar_oil
510,eucalyptus_bakeries_oil
511,eucalyptus_cinereea
512,eucalyptus_citridora
513,eucalyptus_citriodora
514,eucalyptus_citriodora_oil
515,eucalyptus_diversicolor_oil
516,eucalyptus_dives
517,eucalyptus_dives_oil
518,eucalyptus_globulus
519,eucalyptus_globulus_oil
520,eucalyptus_goniocalyx
521,eucalyptus_hemilampra
522,eucalyptus_macarthuri_oil
523,eucalyptus_macarthurii
524,eucalyptus_maideni
525,eucalyptus_microcorys_leaf_oil
526,eucalyptus_oil
527,eucalyptus_polibrac_tea_oil
528,eucalyptus_radiata_oil
529,european_cranberry
530,ewe
531,fagara_zanthoxyloides_oil
532,fagroea_racemosa_flower
533,farnesol
534,fatty_fish
535,feces
536,feijoa
537,fennel
538,fennel_oil
539,fenugreek
540,fermented_radish
541,fermented_russian_black_tea
542,fermented_shrimp
543,fermented_tea
544,fermented_tea_leaf_oil
545,feronia_elephantum
546,feta_cheese
547,field_mint_oil
548,fig
549,filbert
550,filipendula_ulmaria_flower
551,finnish_pine_oil
552,finnish_whiskey
553,finocchoi_fennel_oil
554,fish
555,fish_oil
556,florida_orange_juice
557,flower
558,fortunella_margarita
559,frankfurter
560,french_bean
561,french_fried_potato
562,french_lavender
563,french_marigold_oil
564,french_peppermint
565,french_peppermint_oil
566,fried_beef
567,fried_chicken
568,fried_cured_pork
569,fried_pork
570,fruit
571,fruit_brandy
572,fruit_juice
573,fumaria_officinalis
574,furcraea_gigantean_flower_oil
575,galanga
576,galbanum_oil
577,garcia_mangostana
578,gardenia
579,gardenia_flower_oil
580,garlic
581,garlic_mustard
582,garlic_oil
583,gastrochilus_pandurata_oil
584,gelatin
585,geraniaceae
586,geranium
587,geranium_oil
588,german_chamomile_oil
589,gin
590,ginger
591,ginger_grass
592,ginger_oil
593,globefish
594,goat_cheese
595,goat_milk
596,grain
597,graminaceae
598,grape
599,grape_brandy
600,grape_juice
601,grape_must
602,grape_syrup
603,grape_vine
604,grapefruit
605,grapefruit_blossom
606,grapefruit_juice
607,grapefruit_oil
608,grapefruit_peel
609,grapefruit_peel_oil
610,green_bell_pepper
611,green_mate
612,green_tea
613,green_tea_oil
614,grilled_beef
615,grilled_pork
616,gruyere_cheese
617,guarana
618,guava
619,guava_peel
620,guinea_orange_oil
621,guinea_pepper
622,guineafowl
623,haddock
624,ham
625,hatsutake
626,hazelnut
627,hedychium_spicatum
628,helichrysum_angustifolium
629,helichrysum_italicum
630,heracleum_candicans_oil
631,heracleum_villosum_oil
632,hernandia_peltata_oil
633,herring
634,hevea_brasiliensis_flower
635,highbush_blueberry
636,hinoki
637,hinoki_oil
638,hoary_basil
639,hoary_basil_leaf_oil
640,hog_plum
641,hogweed
642,hogweed_oil
643,holy_basil
644,honduras_balsam
645,honduras_peru_balsam
646,honey
647,honey_fungus
648,honeydew
649,hop
650,hop_oil
651,horse_mackerel
652,horseradish
653,horseradish_oil
654,houttuynia_cordata_oil
655,huckleberry
656,hyacinth
657,hyacinth_oil
658,hybrid_passion_fruit_juice
659,hyssop
660,iberis_sempervirens_seed
661,imperatoria
662,irish_whiskey
663,israeli_orange
664,israeli_orange_oil
665,italian_lime
666,italian_orange_oil
667,jaborandi_leaf_oil
668,jackfruit
669,jamaican_rum
670,jammus_citronella_oil
671,japanese_calamus
672,japanese_ho_leaf_oil
673,japanese_hop
674,japanese_mint
675,japanese_peppermint
676,japanese_peppermint_oil
677,japanese_plum
678,japanese_seafood
679,japanese_star_anise
680,japanese_star_anise_oil
681,japanese_whiskey
682,jasmine
683,jasmine_oil
684,jasmine_tea
685,jasminum_grandiflorum
686,jasminum_grandiflorum_oil
687,jasminum_odoratissimum_oil
688,java_citronella
689,java_citronella_oil
690,jerusalem_artichoke
691,jonquil
692,jonquil_oil
693,juniper_berry
694,juniper_leaf_oil
695,juniperus_chinensis_oil
696,juniperus_phoenicea_oil
697,juniperus_sabina
698,kabosu_peel_oil
699,kaempferia_ethel_bulb_oil
700,kaffir_lime
701,kale
702,kaschmis_citronella_oil
703,katsuobushi
704,kelp
705,kencur_oil
706,keta_salmon
707,key_lime_leaf
708,kidney_bean
709,kiwi
710,kohlrabi
711,kola_nut
712,kola_tea
713,krill
714,kumazasa
715,kumquat
716,kumquat_peel_oil
717,labdanum
718,labiatae
719,lamb
720,lamb_liver
721,lantana_camara_oil
722,larch_tree
723,lard
724,larix
725,larix_americana
726,lauraceae
727,laurel
728,laurel_leaf
729,laurel_leaf_oil
730,lavandin
731,lavandin_oil
732,lavender
733,lavender_delphinensis
734,lavender_oil
735,lavender_vera_oil
736,leaf
737,leaf_oil
738,lean_fish
739,ledum_palustre
740,ledum_palustre_oil
741,leek
742,lemon
743,lemon_balm
744,lemon_flower
745,lemon_juice
746,lemon_oil
747,lemon_peel
748,lemon_peel_oil
749,lemon_tree
750,lemongrass
751,lemongrass_oil
752,lentil
753,leptospermum_citratum
754,leptospermum_liversidgei
755,lesquerella_seed
756,lettuce
757,levisticum_acutilobum
758,liatris_odoratissima
759,licorice
760,ligusticum_acutilobum
761,ligusticum_acutilobum_oil
762,lilac
763,lilac_flower_oil
764,lilium_candidum_flower
765,lily_oil
766,lima_bean
767,limburger_cheese
768,lime
769,lime_juice
770,lime_oil
771,lime_peel_oil
772,lindera_citriodora
773,lingonberry
774,lingonberry_juice
775,lippia_carviodora
776,lippia_scaberrima
777,liquidambar_orientalis_storax
778,litchi
779,litsea_citrata
780,litsea_cubeba
781,litsea_cubeba_fruit
782,litsea_cubeba_oil
783,litsea_guatemalensis
784,litsea_guatemalensis_oil
785,litsea_odorifera
786,litsea_odorifera_leaf_oil
787,litsea_odorifera_oil
788,litsea_zeylanica
789,litsea_zeylanica_oil
790,liver
791,lobster
792,loganberry
793,loiseleuria_procumbens
794,long_pepper
795,loquat
796,lovage
797,lovage_leaf
798,lovage_root
799,luraceae_oil
800,luvunga_scadens_oil
801,macadamia_nut
802,macaroni
803,mace
804,mackerel
805,madagascar_cinnamon_leaf_oil
806,magnolia_fuscata
807,magnolia_grandiflora
808,magnolia_oil
809,magnolia_salicifolia_oil
810,magnolia_tripetala
811,maize
812,malabar_cardamom_oil
813,malabar_lemongrass_oil
814,malagueta_pepper
815,malay_apple
816,malt
817,malt_whiskey
818,mammee
819,mandarin
820,mandarin_leaf_oil
821,mandarin_oil
822,mandarin_peel
823,mandarin_peel_oil
824,mango
825,mangosteen
826,manila_copal
827,mantis_shrimp
828,maple_syrup
829,marjoram
830,marjoram_oil
831,marula
832,mashed_potato
833,mastic_gum
834,mastic_gum_fruit_oil
835,mastic_gum_leaf_oil
836,mastic_gum_oil
837,mate
838,mate_leaf
839,matricaria_parthenium_oil
840,matsutake
841,meat
842,melaleuca_bracteata
843,melaleuca_bracteata_leaf
844,melaleuca_oil
845,melaleuca_paucifiora_oil
846,melaleuca_smithii
847,melaleuca_trichostachya_oil
848,melaleuca_viridiflora
849,melilotus_albus_leaf
850,melilotus_officinalis_flower
851,melissa_oil
852,melon
853,mentha
854,mentha_aquatica
855,mentha_citrata
856,mentha_crispa
857,mentha_longifolia_oil
858,mentha_silvestris_oil
859,mentha_timija
860,mentha_verticillata
861,mentha_viridis
862,mexican_goosefoot
863,mexican_lime
864,mexican_linaloe
865,michelia
866,michelia_champaca_oil
867,micromeria_abyssinica
868,milk
869,milk_fat
870,mimosa_oil
871,mimusops_elengi_flower
872,mindanaese_cinnamomum_oil
873,mint
874,mint_oil
875,monarda_citriodora_oil
876,monarda_fisulosa
877,monarda_punctata
878,monarda_punctata_oil
879,monkey_orange
880,monodora_grandiflora
881,morus_bombycis_oil
882,mountain_papaya
883,mozzarella_cheese
884,mulberry_leaf
885,mung_bean
886,munster_cheese
887,muscadine_grape
888,muscat_grape
889,muscat_grape_juice
890,mushroom
891,muskmelon
892,mussel
893,mustard
894,mustard_greens_oil
895,mutton
896,mutton_liver
897,myrcia_acris
898,myrocarpus_fastigiatus
899,myrocarpus_frondosus
900,myrrh
901,myrrh_oil
902,myrtaceae_oil
903,myrtle
904,myrtleberry
905,myrtus_communis
906,nance
907,naranjilla
908,narcissus
909,narcissus_oil
910,navy_bean
911,nectandra_elaiophora
912,nectarine
913,nemuaron_humboldtii_oil
914,nepeta_japonica
915,neroli
916,neroli_bigarade
917,neroli_oil
918,nettle
919,nezara_viridula
920,niaouli_oil
921,nigra_oil
922,nira
923,nobiru
924,nut
925,nutmeg
926,nutmeg_oil
927,oak_leaf
928,oak_musk
929,oak_tar_oil
930,oat
931,oat_groat
932,oatmeal
933,ocimum_gratissimum
934,ocimum_viride
935,ocotea_usambarensis_oil
936,octopus
937,okra
938,olive
939,olive_oil
940,onion
941,onion_juice
942,onion_oil
943,orange
944,orange_flower
945,orange_flower_oil
946,orange_juice
947,orange_leaf
948,orange_leaf_oil
949,orange_oil
950,orange_peel
951,orange_peel_oil
952,orange_tree
953,orchid
954,oregano
955,oregano_oil
956,oriental_storax
957,origanum
958,origanum_floribundum
959,origanum_oil
960,ormenis_mixta_oil
961,ormenis_multicaulis
962,orris
963,orris_oil
964,orris_root
965,orthodon
966,orthodon_asaroniferum_oil
967,orthodon_citraliferum
968,orthodon_linalooliferum
969,orthodon_methylisoeugenoliferum
970,orthodon_methylisoeugenoliferum_oil
971,orthodon_tenuicaule_oil
972,ouzo
973,oxidized_lard
974,oxidized_milk
975,oxidized_skim_milk
976,oxystigma_buccholtzii_flower
977,oyster
978,palm
979,palm_fruit
980,palm_oil
981,palmarosa
982,palmarosa_oil
983,pandanus_odoratissimus
984,pandanus_odoratissimus_oil
985,papaver_somniferum
986,papaya
987,paraguay_petitgrain
988,parmesan
989,parmesan_cheese
990,parsley
991,parsnip
992,parsnip_fruit
993,parsnip_root
994,passiflora_edulis
995,passiflora_edulis_juice
996,passiflora_mollissima
997,passion_fruit
998,passion_fruit_juice
999,passion_fruit_wine
1000,patchouli_oil
1001,pawpaw
1002,pea
1003,peach
1004,peanut
1005,peanut_butter
1006,peanut_oil
1007,pear
1008,pear_brandy
1009,peated_malt
1010,pecan
1011,pelargonium
1012,pelargonium_capitaux
1013,pelargonium_tomentosum
1014,penang_benzoin
1015,pennyroyal
1016,pennyroyal_oil
1017,pepino_melon
1018,pepper
1019,peppermint
1020,peppermint_oil
1021,perovski_abrotanoides_oil
1022,persea_gratissima_peel
1023,persea_pubescens
1024,peru_balsam
1025,petasites_fragrans
1026,petitgrain
1027,petitgrain_bergamot
1028,petitgrain_bigarade
1029,petitgrain_lemon
1030,petitgrain_lemon_oil
1031,petitgrain_lime
1032,petitgrain_lime_oil
1033,petrosimonia_monandra
1034,phallus_impudicus
1035,phebalium_dentatum
1036,phebalium_dentatum_leaf
1037,phebalium_nudum_root_oil
1038,phellodendron_amurense
1039,phellodendron_amurense_fruit
1040,phellodendron_japonicum
1041,picea_alba_oil
1042,picea_balsamea_oil
1043,picea_canadensis
1044,picea_orientalis
1045,picea_rubens
1046,pickled_ham
1047,pickled_plum
1048,pike
1049,pilchard
1050,pimenta
1051,pimento
1052,pinaceae
1053,pinanona
1054,pine_oil
1055,pine_turpentine
1056,pineapple
1057,pinto_bean
1058,pinus_avium_fruit
1059,pinus_communis_oil
1060,pinus_densiflora
1061,pinus_excelsa
1062,pinus_jeffreyi
1063,pinus_jeffreyi_leaf_oil
1064,pinus_jeffreyi_terpentine
1065,pinus_punulio
1066,pinus_sabiniana
1067,pinus_sabiniana_terpentine
1068,pinus_sylvestris
1069,pinus_sylvestris_oil
1070,piper_chaba
1071,piper_famechoni
1072,piper_lowong
1073,piper_officinarum
1074,piri_piri
1075,pistachio
1076,pittosporum_flower
1077,pittosporum_glabratum
1078,plant
1079,plum
1080,plum_brandy
1081,plum_wine
1082,plumcot
1083,polianthes_tuberosa_oil
1084,polyalthia_canangioides_flower
1085,polysiphonia_fastigiata
1086,pomelo_peel
1087,popcorn
1088,populus_balsamifera
1089,porcini
1090,pork
1091,pork_liver
1092,pork_sausage
1093,port_wine
1094,potato
1095,potato_chip
1096,pouching_tea
1097,prawn
1098,prickly_pear
1099,provolone_cheese
1100,prune
1101,prunus
1102,prunus_laurocerasus
1103,psilocaulon_absimile
1104,ptychotis_ajowan_seed_oil
1105,pumpkin
1106,purple_passion_fruit
1107,purple_passion_fruit_juice
1108,quercus_olive
1109,quince
1110,rabbiteye_blueberry
1111,radish
1112,radish_oil
1113,rafanus_sativus_root
1114,raisin
1115,rancid_coconut_oil
1116,randia_formosa_flower
1117,rangpur
1118,rapeseed
1119,raspberry
1120,raspberry_brandy
1121,raspberry_juice
1122,raspberry_oil
1123,raw_asparagus
1124,raw_bean
1125,raw_beef
1126,raw_cabbage
1127,raw_chicken
1128,raw_fatty_fish
1129,raw_fish
1130,raw_lamb
1131,raw_lean_fish
1132,raw_leek
1133,raw_pea
1134,raw_peanut
1135,raw_pork
1136,raw_potato
1137,raw_radish
1138,raw_soybean_oil
1139,raw_turkey
1140,red_algae
1141,red_bean
1142,red_currant
1143,red_kidney_bean
1144,red_meat
1145,red_sage
1146,red_wine
1147,reunion_geranium
1148,rhizopus
1149,rhododendron_fauriae_leaf
1150,rhodophyllus_icterus
1151,rhodotorula_glutinis
1152,rhubarb
1153,rhus_coriaria
1154,rhus_cotinus_leaf
1155,rhus_glabra
1156,rhus_semialata
1157,rhus_typhia
1158,ribes
1159,rice
1160,rice_bran
1161,rice_husk
1162,roasted_almond
1163,roasted_barley
1164,roasted_beef
1165,roasted_chicken
1166,roasted_chicory_root
1167,roasted_cocoa
1168,roasted_coconut
1169,roasted_filbert
1170,roasted_green_tea
1171,roasted_hazelnut
1172,roasted_lamb
1173,roasted_macadamia_nut
1174,roasted_malt
1175,roasted_mate
1176,roasted_meat
1177,roasted_nut
1178,roasted_onion
1179,roasted_peanut
1180,roasted_pecan
1181,roasted_pork
1182,roasted_sesame_seed
1183,roasted_shrimp
1184,roasted_spanish_peanut
1185,roasted_turkey
1186,robinia_pseudoacacia
1187,robinia_pseudoacacia_oil
1188,roman_chamomile
1189,roman_chamomile_oil
1190,romano_cheese
1191,rooibus_tea
1192,root
1193,roquefort_cheese
1194,rosa_borbonica
1195,rosa_bourboniana_oil
1196,rosa_centifolia
1197,rosa_rugosa
1198,rosaceae
1199,rose
1200,rose_apple
1201,rose_flower_oil
1202,rose_hip
1203,rose_oil
1204,rose_wine
1205,roselle
1206,rosemary
1207,rosemary_oil
1208,rotundifolia
1209,rubus_arcticus
1210,rue
1211,rue_oil
1212,rum
1213,rum_brandy
1214,russian_anise
1215,russian_champagne
1216,russian_cheese
1217,russian_peppermint_oil
1218,russian_star_anise
1219,ruta_chalepensis_oil
1220,ruta_montana_oil
1221,ruta_pinnata_leaf_oil
1222,rutabaga
1223,rutaceae
1224,rye_bread
1225,rye_ergot
1226,rye_flour
1227,safflower_seed
1228,saffron
1229,sage
1230,saigon_cinnamon
1231,sake
1232,salmon
1233,salmon_caviar
1234,salmon_oil
1235,salmon_roe
1236,salvia_grandifiora_oil
1237,salvia_spinosa
1238,salvia_triloba_oil
1239,sandalwood
1240,sapodilla
1241,sapodilla_fruit
1242,sassafras
1243,sassafras_root_oil
1244,satsuma
1245,satsuma_mandarin_peel
1246,satsuma_mandarin_peel_oil
1247,satureia_montana
1248,satureia_thymera
1249,sauerkraut
1250,sauvignon_blanc_grape
1251,sauvignon_grape
1252,savory
1253,saxifragaceae
1254,scallion
1255,scallop
1256,schizandra_nigra_oil
1257,schizandra_oil
1258,scotch
1259,scotch_spearmint
1260,scotch_spearmint_oil
1261,scotch_whiskey
1262,sea_algae
1263,sea_bass
1264,sea_buckthorn
1265,seal
1266,seaweed
1267,seed
1268,seed_oil
1269,senecio_kaempferi
1270,sesame_oil
1271,sesame_seed
1272,seseli_sibiricum
1273,seseli_tortuosum
1274,several_oil
1275,seychelles_tea
1276,shallot
1277,sheep_cheese
1278,sheep_milk
1279,shellfish
1280,sherry
1281,sherry_wine
1282,shiitake
1283,shoro
1284,shrimp
1285,siberian_pine_needle_oil
1286,silk_fibrooin
1287,silkworm_chrysalis
1288,skim_milk
1289,smoke
1290,smoked_fatty_fish
1291,smoked_fish
1292,smoked_herring
1293,smoked_pork
1294,smoked_pork_belly
1295,smoked_salmon
1296,smoked_sausage
1297,smoked_summer_sausage
1298,snap_bean
1299,solanaceae
1300,solidago_odora
1301,sour_cherry
1302,sour_milk
1303,soursop
1304,south_african_mentha_longifolia
1305,southern_pea
1306,soy_sauce
1307,soybean
1308,soybean_oil
1309,spanish_anise
1310,spanish_origanum
1311,spanish_origanum_oil
1312,spanish_sage
1313,sparkling_wine
1314,spearmint
1315,spearmint_oil
1316,spearmint_scotch_oil
1317,sperm_whale_oil
1318,spermaceti_oil
1319,sphaeranthus_indicus_oil
1320,spike
1321,spike_oil
1322,spirea_ulmaria_oil
1323,split_pea
1324,squash
1325,squid
1326,star_anise
1327,star_anise_oil
1328,starfruit
1329,stirlingia_latifolia
1330,storax
1331,strawberry
1332,strawberry_jam
1333,strawberry_juice
1334,strawberry_oil
1335,strawberry_wine
1336,sturgeon_caviar
1337,sudachi
1338,sugarcane
1339,sumac
1340,sumatra_benzoin
1341,summer_savory
1342,sunflower_oil
1343,sweet_basil
1344,sweet_grass_oil
1345,sweet_potato
1346,sweetfish
1347,swiss_cheese
1348,tabasco_pepper
1349,tahiti_vanilla
1350,taiwan_citronella
1351,tamarind
1352,tangerine
1353,tangerine_juice
1354,tangerine_oil
1355,tangerine_peel_oil
1356,tarragon
1357,tea
1358,tea_leaf_oil
1359,tea_oil
1360,tea_tree_oil
1361,temoe_lawak
1362,temple_orange_juice
1363,tequila
1364,teucrium_chamaedrys
1365,texas_sage
1366,thai_pepper
1367,thea_chinensis_oil
1368,thlaspi_arvense_oil
1369,thuja_articulata_bark_oil
1370,thuja_occidentalis
1371,thuja_occidentalis_oil
1372,thuja_plicata
1373,thuja_standishii
1374,thujopsis_dolabrata
1375,thymbra_spicata_oil
1376,thyme
1377,thymus
1378,thymus_caespeititius
1379,thymus_mastichina
1380,thymus_oil
1381,thymus_zygis
1382,tilsit_cheese
1383,toasted_oat
1384,toasted_oat_groat
1385,toasted_sesame_seed
1386,tobacco
1387,tobacco_flower
1388,tobacco_leaf
1389,tobacco_leaf_oil
1390,tobacco_oil
1391,tolu_balsam
1392,tomato
1393,tomato_juice
1394,tonka_bean_seed
1395,trametes_graveolens
1396,trassi
1397,trifolium_incarnatum
1398,trifolium_pratense_leaf_oil
1399,truffle
1400,tsuga_canadensis
1401,tsuga_canadensis_oil
1402,tuber
1403,tuberose
1404,tulip
1405,tuna
1406,tunisian_rosemary
1407,turkey
1408,turkmenistan_sunguli_oil
1409,turmeric
1410,turnip
1411,turpentine
1412,udo
1413,umbelliferae
1414,uncured_boiled_pork
1415,uncured_pork
1416,uncured_smoked_pork
1417,unprocessed_rice
1418,vachellia_farnesiana
1419,valencia_orange_juice
1420,valencia_orange_oil
1421,valerian
1422,valerian_oil
1423,valerian_root_oil
1424,valeriana_officinalis
1425,vanilla
1426,vanilla_oil
1427,veal
1428,vegetable
1429,vegetable_oil
1430,verbena_oil
1431,verbenaceae
1432,vervain
1433,vervain_leaf
1434,vetiver
1435,vetiver_oil
1436,vietnamese_black_tea
1437,vinegar
1438,violet
1439,violet_flower
1440,violet_flower_oil
1441,violet_leaf
1442,violet_leaf_oil
1443,violet_root
1444,vitis
1445,vitis_labrusca
1446,vitis_labrusca_juice
1447,vitis_labrusca_oil
1448,wallflower
1449,walnut
1450,wasabi
1451,waste_wort
1452,water_apple
1453,watercress
1454,watermelon
1455,wax_jambu
1456,weinbrand
1457,welsh_onion
1458,whale
1459,wheat
1460,wheat_bran
1461,wheat_bread
1462,wheat_flake
1463,wheaten_bread
1464,while_thyme_oil
1465,whiskey
1466,white_bread
1467,white_currant_juice
1468,white_wine
1469,whitefish
1470,whole_grain_wheat_flour
1471,wild_bergamot
1472,wild_bergamot_oil
1473,wild_berry
1474,wild_grape
1475,wild_marjoram
1476,wild_raspberry
1477,wild_rice
1478,wild_strawberry
1479,wild_vanilla
1480,wine
1481,winter_melon
1482,winter_savory
1483,wintergreen_leaf
1484,wintergreen_oil
1485,wood
1486,wood_apple
1487,wood_oil
1488,wood_spirit
1489,wood_tar
1490,wood_vinegar
1491,wort
1492,xanthorrhoea_hostilis
1493,ximenia_aegyptiaca
1494,yam
1495,yeast
1496,yellow_mombin
1497,yellow_passion_fruit
1498,yellow_passion_fruit_juice
1499,ylangylang
1500,ylangylang_oil
1501,yogurt
1502,zanthoxylum_piperitum
1503,zanthoxylum_piperitum_fruit_oil
1504,zanthoxylum_rhetsa
1505,zanthoxylum_rhetsa_oil
1506,zingiberaceae
1507,zucchini